{"branches": 56.34920634920635, "coverage": 45.6768249468462}